{
  "FDL": {
    "bounds": [
      -92.73378354979789,
      46.66512486425341,
      -92.5965770805736,
      46.82672524181355
    ],
    "center": [
      -92.66518031518575,
      46.745925053033474
    ]
  },
  "KBIC": {
    "bounds": [
      -88.5519304447342,
      46.668480722583375,
      -88.26223424087075,
      46.8809584837631
    ],
    "center": [
      -88.40708234280248,
      46.77471960317324
    ]
  },
  "MBCI": {
    "bounds": [
      -90.0322645092616,
      31.766077820681023,
      -88.85235936000481,
      33.54198197356312
    ],
    "center": [
      -89.44231193463321,
      32.65402989712207
    ]
  },
  "BN": {
    "bounds": [
      -113.60974623355844,
      48.16018681374402,
      -112.74838987279144,
      48.99811108867709
    ],
    "center": [
      -113.17906805317494,
      48.579148951210556
    ]
  }
}